class,precision,recall,f1-score,support
Adialer.C,0.96,1.0,0.97959,24.0
Agent.FYI,0.95833,1.0,0.97872,23.0
Allaple.A,0.99313,0.98132,0.98719,589.0
Allaple.L,1.0,0.99686,0.99843,318.0
Alueron.gen!J,0.975,1.0,0.98734,39.0
Autorun.K,0.11602,1.0,0.20792,21.0
Benign,0.98658,0.75,0.85217,196.0
C2LOP.P,0.39216,0.68966,0.5,29.0
C2LOP.gen!g,0.63158,0.9,0.74227,40.0
Dialplatform.B,1.0,0.97143,0.98551,35.0
Dontovo.A,0.94118,1.0,0.9697,32.0
Fakerean,0.98611,0.93421,0.95946,76.0
Instantaccess,0.97727,1.0,0.98851,86.0
Lolyda.AA1,0.93333,1.0,0.96552,42.0
Lolyda.AA2,0.91892,0.94444,0.93151,36.0
Lolyda.AA3,0.88462,0.95833,0.92,24.0
Lolyda.AT,0.9375,0.96774,0.95238,31.0
Malex.gen!J,0.96154,0.92593,0.9434,27.0
Obfuscator.AD,1.0,1.0,1.0,28.0
Rbot!gen,0.88571,1.0,0.93939,31.0
Skintrim.N,0.94118,1.0,0.9697,16.0
Swizzor.gen!E,0.60714,0.68,0.64151,25.0
Swizzor.gen!I,0.5,0.30769,0.38095,26.0
VB.AT,0.89888,0.98765,0.94118,81.0
Wintrim.BX,0.85714,0.94737,0.9,19.0
Yuner.A,0.0,0.0,0.0,160.0
accuracy,0.8666,0.8666,0.8666,0.866601752677702
macro avg,0.81705,0.88241,0.83163,2054.0
weighted avg,0.86608,0.8666,0.85959,2054.0
